data,valor,indicador
2016-08-11,3.1364,dolar
2016-08-12,3.1602,dolar
2016-08-15,3.1672,dolar
2016-08-16,3.1749,dolar
2016-08-17,3.2248,dolar
2016-08-18,3.2215,dolar
2016-08-19,3.2267,dolar
2016-08-22,3.2163,dolar
2016-08-23,3.2054,dolar
2016-08-24,3.2372,dolar
2016-08-25,3.2319,dolar
2016-08-26,3.2153,dolar
2016-08-29,3.2613,dolar
2016-08-30,3.2525,dolar
2016-08-31,3.2403,dolar
2016-09-01,3.2472,dolar
2016-09-02,3.2431,dolar
2016-09-05,3.2721,dolar
2016-09-06,3.2452,dolar
2016-09-08,3.1934,dolar
2016-09-09,3.2638,dolar
2016-09-12,3.2854,dolar
2016-09-13,3.2972,dolar
2016-09-14,3.3262,dolar
2016-09-15,3.3326,dolar
2016-09-16,3.3004,dolar
2016-09-19,3.2636,dolar
2016-09-20,3.254,dolar
2016-09-21,3.2408,dolar
2016-09-22,3.2015,dolar
2016-09-23,3.2242,dolar
2016-09-26,3.24,dolar
2016-09-27,3.2358,dolar
2016-09-28,3.2476,dolar
2016-09-29,3.2235,dolar
2016-09-30,3.2462,dolar
2016-10-03,3.2338,dolar
2016-10-04,3.2203,dolar
2016-10-05,3.2359,dolar
2016-10-06,3.231,dolar
2016-10-07,3.2134,dolar
2016-10-10,3.2125,dolar
2016-10-11,3.2136,dolar
2016-10-13,3.2087,dolar
2016-10-14,3.1864,dolar
2016-10-17,3.1963,dolar
2016-10-18,3.1874,dolar
2016-10-19,3.18,dolar
2016-10-20,3.1605,dolar
2016-10-21,3.1593,dolar
2016-10-24,3.1311,dolar
2016-10-25,3.1193,dolar
2016-10-26,3.1219,dolar
2016-10-27,3.1429,dolar
2016-10-28,3.1815,dolar
2016-10-31,3.1811,dolar
2016-11-01,3.2053,dolar
2016-11-03,3.231,dolar
2016-11-04,3.2449,dolar
2016-11-07,3.2024,dolar
2016-11-08,3.2024,dolar
2016-11-09,3.2258,dolar
2016-11-10,3.3104,dolar
2016-11-11,3.4377,dolar
2016-11-14,3.4446,dolar
2016-11-16,3.4183,dolar
2016-11-17,3.4052,dolar
2016-11-18,3.3917,dolar
2016-11-21,3.3517,dolar
2016-11-22,3.3476,dolar
2016-11-23,3.3927,dolar
2016-11-24,3.3987,dolar
2016-11-25,3.4279,dolar
2016-11-28,3.3996,dolar
2016-11-29,3.406,dolar
2016-11-30,3.3967,dolar
2016-12-01,3.4362,dolar
2016-12-02,3.465,dolar
2016-12-05,3.4598,dolar
2016-12-06,3.4354,dolar
2016-12-07,3.3895,dolar
2016-12-08,3.4008,dolar
2016-12-09,3.3858,dolar
2016-12-12,3.3697,dolar
2016-12-13,3.334,dolar
2016-12-14,3.3103,dolar
2016-12-15,3.383,dolar
2016-12-16,3.3712,dolar
2016-12-19,3.3778,dolar
2016-12-20,3.3586,dolar
2016-12-21,3.3297,dolar
2016-12-22,3.3302,dolar
2016-12-23,3.2696,dolar
2016-12-26,3.2701,dolar
2016-12-27,3.2776,dolar
2016-12-28,3.2774,dolar
2016-12-29,3.2591,dolar
2016-12-30,3.2591,dolar
2017-01-02,3.2729,dolar
2017-01-03,3.2632,dolar
2017-01-04,3.2333,dolar
2017-01-05,3.2129,dolar
2017-01-06,3.2057,dolar
2017-01-09,3.2097,dolar
2017-01-10,3.1918,dolar
2017-01-11,3.2154,dolar
2017-01-12,3.1661,dolar
2017-01-13,3.2034,dolar
2017-01-16,3.2234,dolar
2017-01-17,3.21,dolar
2017-01-18,3.2211,dolar
2017-01-19,3.2113,dolar
2017-01-20,3.1918,dolar
2017-01-23,3.1609,dolar
2017-01-24,3.1649,dolar
2017-01-25,3.169,dolar
2017-01-26,3.1804,dolar
2017-01-27,3.1596,dolar
2017-01-30,3.1316,dolar
2017-01-31,3.127,dolar
2017-02-01,3.1479,dolar
2017-02-02,3.1196,dolar
2017-02-03,3.1241,dolar
2017-02-06,3.1179,dolar
2017-02-07,3.1304,dolar
2017-02-08,3.1255,dolar
2017-02-09,3.1185,dolar
2017-02-10,3.1155,dolar
2017-02-13,3.1175,dolar
2017-02-14,3.1004,dolar
2017-02-15,3.0779,dolar
2017-02-16,3.051,dolar
2017-02-17,3.095,dolar
2017-02-20,3.0918,dolar
2017-02-21,3.097,dolar
2017-02-22,3.0824,dolar
2017-02-23,3.0638,dolar
2017-02-24,3.0993,dolar
2017-03-01,3.0976,dolar
2017-03-02,3.1138,dolar
2017-03-03,3.1364,dolar
2017-03-06,3.1111,dolar
2017-03-07,3.1185,dolar
2017-03-08,3.1477,dolar
2017-03-09,3.1735,dolar
2017-03-10,3.1623,dolar
2017-03-13,3.1541,dolar
2017-03-14,3.1639,dolar
2017-03-15,3.1629,dolar
2017-03-16,3.108,dolar
2017-03-17,3.1075,dolar
2017-03-20,3.0898,dolar
2017-03-21,3.0765,dolar
2017-03-22,3.0939,dolar
2017-03-23,3.1248,dolar
2017-03-24,3.1282,dolar
2017-03-27,3.1256,dolar
2017-03-28,3.1303,dolar
2017-03-29,3.1229,dolar
2017-03-30,3.1247,dolar
2017-03-31,3.1684,dolar
2017-04-03,3.1167,dolar
2017-04-04,3.1231,dolar
2017-04-05,3.0923,dolar
2017-04-06,3.116,dolar
2017-04-07,3.1302,dolar
2017-04-10,3.1409,dolar
2017-04-11,3.1424,dolar
2017-04-12,3.1463,dolar
2017-04-13,3.1269,dolar
2017-04-17,3.1036,dolar
2017-04-18,3.0958,dolar
2017-04-19,3.1294,dolar
2017-04-20,3.1453,dolar
2017-04-24,3.1251,dolar
2017-04-25,3.1577,dolar
2017-04-26,3.1847,dolar
2017-04-27,3.1763,dolar
2017-04-28,3.1984,dolar
2017-05-02,3.1724,dolar
2017-05-03,3.1489,dolar
2017-05-04,3.178,dolar
2017-05-05,3.1764,dolar
2017-05-08,3.1938,dolar
2017-05-09,3.1857,dolar
2017-05-10,3.1606,dolar
2017-05-11,3.1559,dolar
2017-05-12,3.129,dolar
2017-05-15,3.1011,dolar
2017-05-16,3.0924,dolar
2017-05-17,3.1076,dolar
2017-05-18,3.3807,dolar
2017-05-19,3.2878,dolar
2017-05-22,3.2863,dolar
2017-05-23,3.2654,dolar
2017-05-24,3.2629,dolar
2017-05-25,3.2824,dolar
2017-05-26,3.2614,dolar
2017-05-29,3.2709,dolar
2017-05-30,3.2659,dolar
2017-05-31,3.2437,dolar
2017-06-01,3.2307,dolar
2017-06-02,3.2401,dolar
2017-06-05,3.282,dolar
2017-06-06,3.2817,dolar
2017-06-07,3.2747,dolar
2017-06-08,3.2838,dolar
2017-06-09,3.274,dolar
2017-06-12,3.2986,dolar
2017-06-13,3.3208,dolar
2017-06-14,3.2836,dolar
2017-06-16,3.2892,dolar
2017-06-19,3.2975,dolar
2017-06-20,3.3145,dolar
2017-06-21,3.3247,dolar
2017-06-22,3.3362,dolar
2017-06-23,3.3342,dolar
2017-06-26,3.3128,dolar
2017-06-27,3.3172,dolar
2017-06-28,3.303,dolar
2017-06-29,3.2952,dolar
2017-06-30,3.3082,dolar
2017-07-03,3.3015,dolar
2017-07-04,3.305,dolar
2017-07-05,3.3193,dolar
2017-07-06,3.3064,dolar
2017-07-07,3.2895,dolar
2017-07-10,3.265,dolar
2017-07-11,3.2522,dolar
2017-07-12,3.2264,dolar
2017-07-13,3.2108,dolar
2017-07-14,3.1899,dolar
2017-07-17,3.1821,dolar
2017-07-18,3.1668,dolar
2017-07-19,3.1533,dolar
2017-07-20,3.1402,dolar
2017-07-21,3.1256,dolar
2017-07-24,3.1459,dolar
2017-07-25,3.1556,dolar
2017-07-26,3.1657,dolar
2017-07-27,3.1513,dolar
2017-07-28,3.1457,dolar
2017-07-31,3.1307,dolar
2017-08-01,3.1161,dolar
2017-08-02,3.1268,dolar
2017-08-03,3.1194,dolar
2017-08-04,3.1224,dolar
2017-08-07,3.1267,dolar
2017-08-08,3.132,dolar
2017-08-09,3.1464,dolar
2017-08-10,3.1543,dolar
2017-08-11,3.1695,dolar
2017-08-14,3.1888,dolar
2017-08-15,3.1976,dolar
2017-08-16,3.167,dolar
2017-08-17,3.1603,dolar
2017-08-18,3.1654,dolar
2017-08-21,3.1443,dolar
2017-08-22,3.1539,dolar
2017-08-23,3.1569,dolar
2017-08-24,3.1404,dolar
2017-08-25,3.1462,dolar
2017-08-28,3.1563,dolar
2017-08-29,3.1695,dolar
2017-08-30,3.1638,dolar
2017-08-31,3.1471,dolar
2017-09-01,3.1333,dolar
2017-09-04,3.1389,dolar
2017-09-05,3.1203,dolar
2017-09-06,3.1133,dolar
2017-09-08,3.0908,dolar
2017-09-11,3.0852,dolar
2017-09-12,3.1144,dolar
2017-09-13,3.1343,dolar
2017-09-14,3.1354,dolar
2017-09-15,3.1255,dolar
2017-09-18,3.1239,dolar
2017-09-19,3.1323,dolar
2017-09-20,3.1281,dolar
2017-09-21,3.1347,dolar
2017-09-22,3.1285,dolar
2017-09-25,3.1412,dolar
2017-09-26,3.1674,dolar
2017-09-27,3.1932,dolar
2017-09-28,3.1871,dolar
2017-09-29,3.168,dolar
2017-10-02,3.1642,dolar
2017-10-03,3.1502,dolar
2017-10-04,3.1315,dolar
2017-10-05,3.1347,dolar
2017-10-06,3.1648,dolar
2017-10-09,3.177,dolar
2017-10-10,3.1688,dolar
2017-10-11,3.1639,dolar
2017-10-13,3.1572,dolar
2017-10-16,3.1607,dolar
2017-10-17,3.1769,dolar
2017-10-18,3.1673,dolar
2017-10-19,3.1732,dolar
2017-10-20,3.1833,dolar
2017-10-23,3.2003,dolar
2017-10-24,3.247,dolar
2017-10-25,3.2387,dolar
2017-10-26,3.2444,dolar
2017-10-27,3.2801,dolar
2017-10-30,3.2547,dolar
2017-10-31,3.2769,dolar
2017-11-01,3.2736,dolar
2017-11-03,3.292,dolar
2017-11-06,3.2851,dolar
2017-11-07,3.2733,dolar
2017-11-08,3.2509,dolar
2017-11-09,3.2515,dolar
2017-11-10,3.2661,dolar
2017-11-13,3.2873,dolar
2017-11-14,3.2834,dolar
2017-11-16,3.2808,dolar
2017-11-17,3.2788,dolar
2017-11-20,3.2623,dolar
2017-11-21,3.2591,dolar
2017-11-22,3.2561,dolar
2017-11-23,3.2371,dolar
2017-11-24,3.23,dolar
2017-11-27,3.2218,dolar
2017-11-28,3.2232,dolar
2017-11-29,3.2136,dolar
2017-11-30,3.2616,dolar
2017-12-01,3.2636,dolar
2017-12-04,3.2506,dolar
2017-12-05,3.2322,dolar
2017-12-06,3.2354,dolar
2017-12-07,3.2892,dolar
2017-12-08,3.2811,dolar
2017-12-11,3.2845,dolar
2017-12-12,3.3149,dolar
2017-12-13,3.3036,dolar
2017-12-14,3.3332,dolar
2017-12-15,3.3182,dolar
2017-12-18,3.2881,dolar
2017-12-19,3.2883,dolar
2017-12-20,3.2909,dolar
2017-12-21,3.3045,dolar
2017-12-22,3.3209,dolar
2017-12-26,3.32,dolar
2017-12-27,3.3031,dolar
2017-12-28,3.308,dolar
2017-12-29,3.308,dolar
2018-01-02,3.2697,dolar
2018-01-03,3.2535,dolar
2018-01-04,3.2318,dolar
2018-01-05,3.2409,dolar
2018-01-08,3.2357,dolar
2018-01-09,3.2397,dolar
2018-01-10,3.2467,dolar
2018-01-11,3.2301,dolar
2018-01-12,3.2197,dolar
2018-01-15,3.1963,dolar
2018-01-16,3.2219,dolar
2018-01-17,3.2324,dolar
2018-01-18,3.2129,dolar
2018-01-19,3.2087,dolar
2018-01-22,3.1934,dolar
2018-01-23,3.2249,dolar
2018-01-24,3.197,dolar
2018-01-25,3.1391,dolar
2018-01-26,3.145,dolar
2018-01-29,3.1655,dolar
2018-01-30,3.1661,dolar
2018-01-31,3.1624,dolar
2018-02-01,3.173,dolar
2018-02-02,3.206,dolar
2018-02-05,3.2355,dolar
2018-02-06,3.2613,dolar
2018-02-07,3.2467,dolar
2018-02-08,3.2692,dolar
2018-02-09,3.2821,dolar
2018-02-14,3.2536,dolar
2018-02-15,3.2208,dolar
2018-02-16,3.2381,dolar
2018-02-19,3.2347,dolar
2018-02-20,3.2507,dolar
2018-02-21,3.2555,dolar
2018-02-22,3.2598,dolar
2018-02-23,3.2417,dolar
2018-02-26,3.2351,dolar
2018-02-27,3.2383,dolar
2018-02-28,3.2449,dolar
2018-03-01,3.262,dolar
2018-03-02,3.2614,dolar
2018-03-05,3.2582,dolar
2018-03-06,3.2246,dolar
2018-03-07,3.2318,dolar
2018-03-08,3.2518,dolar
2018-03-09,3.2496,dolar
2018-03-12,3.2606,dolar
2018-03-13,3.2492,dolar
2018-03-14,3.2584,dolar
2018-03-15,3.2859,dolar
2018-03-16,3.2905,dolar
2018-03-19,3.2911,dolar
2018-03-20,3.2981,dolar
2018-03-21,3.2921,dolar
2018-03-22,3.3033,dolar
2018-03-23,3.3041,dolar
2018-03-26,3.3034,dolar
2018-03-27,3.3256,dolar
2018-03-28,3.338,dolar
2018-03-29,3.3238,dolar
2018-04-02,3.3104,dolar
2018-04-03,3.3139,dolar
2018-04-04,3.3538,dolar
2018-04-05,3.3196,dolar
2018-04-06,3.3666,dolar
2018-04-09,3.3903,dolar
2018-04-10,3.4195,dolar
2018-04-11,3.4052,dolar
2018-04-12,3.3858,dolar
2018-04-13,3.4105,dolar
2018-04-16,3.4263,dolar
2018-04-17,3.4041,dolar
2018-04-18,3.3844,dolar
2018-04-19,3.3977,dolar
2018-04-20,3.4101,dolar
2018-04-23,3.4421,dolar
2018-04-24,3.4667,dolar
2018-04-25,3.504,dolar
2018-04-26,3.4977,dolar
2018-04-27,3.4676,dolar
2018-04-30,3.4811,dolar
2018-05-02,3.5424,dolar
2018-05-03,3.5484,dolar
2018-05-04,3.5308,dolar
2018-05-07,3.5458,dolar
2018-05-08,3.5788,dolar
2018-05-09,3.5943,dolar
2018-05-10,3.5566,dolar
2018-05-11,3.5716,dolar
2018-05-14,3.6097,dolar
2018-05-15,3.6753,dolar
2018-05-16,3.6803,dolar
2018-05-17,3.6874,dolar
2018-05-18,3.7503,dolar
2018-05-21,3.7072,dolar
2018-05-22,3.6502,dolar
2018-05-23,3.6507,dolar
2018-05-24,3.6436,dolar
2018-05-25,3.6587,dolar
2018-05-28,3.7092,dolar
2018-05-29,3.7289,dolar
2018-05-30,3.737,dolar
2018-06-01,3.7413,dolar
2018-06-04,3.7424,dolar
2018-06-05,3.7752,dolar
2018-06-06,3.8193,dolar
2018-06-07,3.9,dolar
2018-06-08,3.7859,dolar
2018-06-11,3.6913,dolar
2018-06-12,3.7044,dolar
2018-06-13,3.7054,dolar
2018-06-14,3.7057,dolar
2018-06-15,3.7738,dolar
2018-06-18,3.7543,dolar
2018-06-19,3.7566,dolar
2018-06-20,3.7335,dolar
2018-06-21,3.7894,dolar
2018-06-22,3.7663,dolar
2018-06-25,3.776,dolar
2018-06-26,3.7721,dolar
2018-06-27,3.8358,dolar
2018-06-28,3.8521,dolar
2018-06-29,3.8558,dolar
2018-07-02,3.9055,dolar
2018-07-03,3.892,dolar
2018-07-04,3.9058,dolar
2018-07-05,3.9192,dolar
2018-07-06,3.9264,dolar
2018-07-09,3.8692,dolar
2018-07-10,3.8452,dolar
2018-07-11,3.8417,dolar
2018-07-12,3.8564,dolar
2018-07-13,3.8745,dolar
2018-07-16,3.8579,dolar
2018-07-17,3.8671,dolar
2018-07-18,3.8474,dolar
2018-07-19,3.8847,dolar
2018-07-20,3.7793,dolar
2018-07-23,3.7915,dolar
2018-07-24,3.7459,dolar
2018-07-25,3.712,dolar
2018-07-26,3.7243,dolar
2018-07-27,3.7164,dolar
2018-07-30,3.7155,dolar
2018-07-31,3.7549,dolar
2018-08-01,3.7491,dolar
2018-08-02,3.7645,dolar
2018-08-03,3.7201,dolar
2018-08-06,3.7214,dolar
2018-08-07,3.7118,dolar
2018-08-08,3.7519,dolar
2018-08-09,3.803,dolar
2018-08-10,3.8472,dolar
2018-08-13,3.8988,dolar
2018-08-14,3.8812,dolar
2018-08-15,3.9134,dolar
2018-08-16,3.881,dolar
2018-08-17,3.9389,dolar
2018-08-20,3.943,dolar
2018-08-21,3.9873,dolar
2018-08-22,4.074,dolar
2018-08-23,4.0727,dolar
2018-08-24,4.0854,dolar
2018-08-27,4.0687,dolar
2018-08-28,4.1192,dolar
2018-08-29,4.1353,dolar
2018-08-30,4.1812,dolar
2018-08-31,4.1353,dolar
2018-09-03,4.1279,dolar
2018-09-04,4.1652,dolar
2018-09-05,4.1609,dolar
2018-09-06,4.146,dolar
2018-09-10,4.1007,dolar
2018-09-11,4.1641,dolar
2018-09-12,4.1259,dolar
2018-09-13,4.1637,dolar
2018-09-14,4.1879,dolar
2018-09-17,4.1695,dolar
2018-09-18,4.1369,dolar
2018-09-19,4.1351,dolar
2018-09-20,4.0997,dolar
2018-09-21,4.0728,dolar
2018-09-24,4.0594,dolar
2018-09-25,4.1286,dolar
2018-09-26,4.057,dolar
2018-09-27,4.0092,dolar
2018-09-28,4.0039,dolar
2018-10-01,4.0273,dolar
2018-10-02,3.9505,dolar
2018-10-03,3.8542,dolar
2018-10-04,3.9047,dolar
2018-10-05,3.8699,dolar
2018-10-08,3.7588,dolar
2018-10-09,3.7391,dolar
2018-10-10,3.751,dolar
2018-10-11,3.746,dolar
2018-10-15,3.7332,dolar
2018-10-16,3.7079,dolar
2018-10-17,3.7008,dolar
2018-10-18,3.6963,dolar
2018-10-19,3.7079,dolar
2018-10-22,3.6903,dolar
2018-10-23,3.708,dolar
2018-10-24,3.706,dolar
2018-10-25,3.7014,dolar
2018-10-26,3.6753,dolar
2018-10-29,3.6368,dolar
2018-10-30,3.7019,dolar
2018-10-31,3.7177,dolar
2018-11-01,3.6973,dolar
2018-11-05,3.7048,dolar
2018-11-06,3.7492,dolar
2018-11-07,3.7592,dolar
2018-11-08,3.7391,dolar
2018-11-09,3.7506,dolar
2018-11-12,3.7478,dolar
2018-11-13,3.7792,dolar
2018-11-14,3.7924,dolar
2018-11-16,3.7525,dolar
2018-11-19,3.7553,dolar
2018-11-20,3.7591,dolar
2018-11-21,3.7872,dolar
2018-11-22,3.8103,dolar
2018-11-23,3.8081,dolar
2018-11-26,3.8655,dolar
2018-11-27,3.8925,dolar
2018-11-28,3.8631,dolar
2018-11-29,3.8568,dolar
2018-11-30,3.8633,dolar
2018-12-03,3.8285,dolar
2018-12-04,3.8313,dolar
2018-12-05,3.8561,dolar
2018-12-06,3.9178,dolar
2018-12-07,3.8964,dolar
2018-12-10,3.911,dolar
2018-12-11,3.9013,dolar
2018-12-12,3.8629,dolar
2018-12-13,3.879,dolar
2018-12-14,3.909,dolar
2018-12-17,3.9121,dolar
2018-12-18,3.8997,dolar
2018-12-19,3.8907,dolar
2018-12-20,3.8443,dolar
2018-12-21,3.8671,dolar
2018-12-24,3.8855,dolar
2018-12-26,3.9258,dolar
2018-12-27,3.933,dolar
2018-12-28,3.8748,dolar
2018-12-31,3.8748,dolar
2019-01-02,3.8595,dolar
2019-01-03,3.7683,dolar
2019-01-04,3.7627,dolar
2019-01-07,3.7062,dolar
2019-01-08,3.7208,dolar
2019-01-09,3.6931,dolar
2019-01-10,3.6869,dolar
2019-01-11,3.7141,dolar
2019-01-14,3.726,dolar
2019-01-15,3.7049,dolar
2019-01-16,3.7197,dolar
2019-01-17,3.7591,dolar
2019-01-18,3.7486,dolar
2019-01-21,3.7705,dolar
2019-01-22,3.7615,dolar
2019-01-23,3.7994,dolar
2019-01-24,3.7815,dolar
2019-01-25,3.7626,dolar
2019-01-28,3.7676,dolar
2019-01-29,3.737,dolar
2019-01-30,3.7151,dolar
2019-01-31,3.6519,dolar
2019-02-01,3.6694,dolar
2019-02-04,3.6756,dolar
2019-02-05,3.6741,dolar
2019-02-06,3.7019,dolar
2019-02-07,3.7193,dolar
2019-02-08,3.7184,dolar
2019-02-11,3.7391,dolar
2019-02-12,3.7296,dolar
2019-02-13,3.7277,dolar
2019-02-14,3.7756,dolar
2019-02-15,3.7155,dolar
2019-02-18,3.7316,dolar
2019-02-19,3.7206,dolar
2019-02-20,3.71,dolar
2019-02-21,3.7595,dolar
2019-02-22,3.743,dolar
2019-02-25,3.7285,dolar
2019-02-26,3.7595,dolar
2019-02-27,3.7351,dolar
2019-02-28,3.7385,dolar
2019-03-01,3.7832,dolar
2019-03-06,3.8303,dolar
2019-03-07,3.8487,dolar
2019-03-08,3.8678,dolar
2019-03-11,3.8461,dolar
2019-03-12,3.8129,dolar
2019-03-13,3.8265,dolar
2019-03-14,3.8327,dolar
2019-03-15,3.8344,dolar
2019-03-18,3.8111,dolar
2019-03-19,3.7762,dolar
2019-03-20,3.7897,dolar
2019-03-21,3.7967,dolar
2019-03-22,3.8815,dolar
2019-03-25,3.877,dolar
2019-03-26,3.8646,dolar
2019-03-27,3.9389,dolar
2019-03-28,3.9682,dolar
2019-03-29,3.8967,dolar
2019-04-01,3.8682,dolar
2019-04-02,3.8661,dolar
2019-04-03,3.8436,dolar
2019-04-04,3.8713,dolar
2019-04-05,3.8622,dolar
2019-04-08,3.8658,dolar
2019-04-09,3.8563,dolar
2019-04-10,3.8345,dolar
2019-04-11,3.8399,dolar
2019-04-12,3.8685,dolar
2019-04-15,3.873,dolar
2019-04-16,3.8913,dolar
2019-04-17,3.9225,dolar
2019-04-18,3.937,dolar
2019-04-22,3.923,dolar
2019-04-23,3.9436,dolar
2019-04-24,3.963,dolar
2019-04-25,3.9725,dolar
2019-04-26,3.9353,dolar
2019-04-29,3.9364,dolar
2019-04-30,3.9453,dolar
2019-05-02,3.965,dolar
2019-05-03,3.9388,dolar
2019-05-06,3.9624,dolar
2019-05-07,3.988,dolar
2019-05-08,3.9344,dolar
2019-05-09,3.9673,dolar
2019-05-10,3.9578,dolar
2019-05-13,3.989,dolar
2019-05-14,3.9788,dolar
2019-05-15,4.0031,dolar
2019-05-16,4.0138,dolar
2019-05-17,4.0844,dolar
2019-05-20,4.1056,dolar
2019-05-21,4.081,dolar
2019-05-22,4.0228,dolar
2019-05-23,4.0513,dolar
2019-05-24,4.0322,dolar
2019-05-27,4.021,dolar
2019-05-28,4.0275,dolar
2019-05-29,3.9965,dolar
2019-05-30,3.972,dolar
2019-05-31,3.9407,dolar
2019-06-03,3.9003,dolar
2019-06-04,3.871,dolar
2019-06-05,3.8611,dolar
2019-06-06,3.8726,dolar
2019-06-07,3.8571,dolar
2019-06-10,3.879,dolar
2019-06-11,3.8664,dolar
2019-06-12,3.8437,dolar
2019-06-13,3.8429,dolar
2019-06-14,3.8813,dolar
2019-06-17,3.8895,dolar
2019-06-18,3.8608,dolar
2019-06-19,3.8723,dolar
2019-06-21,3.8255,dolar
2019-06-24,3.8234,dolar
2019-06-25,3.8303,dolar
2019-06-26,3.8441,dolar
2019-06-27,3.8642,dolar
2019-06-28,3.8322,dolar
2019-07-01,3.8193,dolar
2019-07-02,3.8564,dolar
2019-07-03,3.8475,dolar
2019-07-04,3.794,dolar
2019-07-05,3.8204,dolar
2019-07-08,3.8065,dolar
2019-07-09,3.7858,dolar
2019-07-10,3.7697,dolar
2019-07-11,3.7533,dolar
2019-07-12,3.7452,dolar
2019-07-15,3.7463,dolar
2019-07-16,3.7624,dolar
2019-07-17,3.7618,dolar
2019-07-18,3.7489,dolar
2019-07-19,3.7408,dolar
2019-07-22,3.74,dolar
2019-07-23,3.7621,dolar
2019-07-24,3.7596,dolar
2019-07-25,3.7849,dolar
2019-07-26,3.7741,dolar
2019-07-29,3.7909,dolar
2019-07-30,3.79,dolar
2019-07-31,3.7649,dolar
2019-08-01,3.8296,dolar
2019-08-02,3.8739,dolar
2019-08-05,3.9404,dolar
2019-08-06,3.9643,dolar
2019-08-07,3.985,dolar
2019-08-08,3.9409,dolar
2019-08-09,3.9362,dolar
2019-08-12,3.9966,dolar
2019-08-13,3.9736,dolar
2019-08-14,4.0074,dolar
2019-08-15,4.0188,dolar
2019-08-16,3.9933,dolar
2019-08-19,4.0274,dolar
2019-08-20,4.0425,dolar
2019-08-21,4.0254,dolar
2019-08-22,4.0444,dolar
2019-08-23,4.0851,dolar
2019-08-26,4.1367,dolar
2019-08-27,4.1557,dolar
2019-08-28,4.1559,dolar
2019-08-29,4.168,dolar
2019-08-30,4.1385,dolar
2019-09-02,4.1581,dolar
2019-09-03,4.1657,dolar
2019-09-04,4.1249,dolar
2019-09-05,4.0859,dolar
2019-09-06,4.065,dolar
2019-09-09,4.0766,dolar
2019-09-10,4.1108,dolar
2019-09-11,4.0631,dolar
2019-09-12,4.0494,dolar
2019-09-13,4.0616,dolar
2019-09-16,4.0872,dolar
2019-09-17,4.0998,dolar
2019-09-18,4.0972,dolar
2019-09-19,4.1393,dolar
2019-09-20,4.1687,dolar
2019-09-23,4.1734,dolar
2019-09-24,4.1721,dolar
2019-09-25,4.1827,dolar
2019-09-26,4.1469,dolar
2019-09-27,4.1587,dolar
2019-09-30,4.1644,dolar
2019-10-01,4.174,dolar
2019-10-02,4.1546,dolar
2019-10-03,4.1012,dolar
2019-10-04,4.061,dolar
2019-10-07,4.0688,dolar
2019-10-08,4.0868,dolar
2019-10-09,4.0954,dolar
2019-10-10,4.1145,dolar
2019-10-11,4.106,dolar
2019-10-14,4.1263,dolar
2019-10-15,4.1488,dolar
2019-10-16,4.1714,dolar
2019-10-17,4.1457,dolar
2019-10-18,4.1376,dolar
2019-10-21,4.1319,dolar
2019-10-22,4.0858,dolar
2019-10-23,4.0721,dolar
2019-10-24,4.0089,dolar
2019-10-25,4.0133,dolar
2019-10-28,3.9793,dolar
2019-10-29,3.9946,dolar
2019-10-30,4.0186,dolar
2019-10-31,4.0041,dolar
2019-11-01,3.9786,dolar
2019-11-04,3.9922,dolar
2019-11-05,4.0043,dolar
2019-11-06,4.0351,dolar
2019-11-07,4.0927,dolar
2019-11-08,4.1365,dolar
2019-11-11,4.1559,dolar
2019-11-12,4.1756,dolar
2019-11-13,4.1767,dolar
2019-11-14,4.1831,dolar
2019-11-18,4.1827,dolar
2019-11-19,4.2084,dolar
2019-11-20,4.2037,dolar
2019-11-21,4.2012,dolar
2019-11-22,4.1832,dolar
2019-11-25,4.2089,dolar
2019-11-26,4.2559,dolar
2019-11-27,4.2602,dolar
2019-11-28,4.248,dolar
2019-11-29,4.224,dolar
2019-12-02,4.2261,dolar
2019-12-03,4.2008,dolar
2019-12-04,4.1926,dolar
2019-12-05,4.2136,dolar
2019-12-06,4.1783,dolar
2019-12-09,4.1503,dolar
2019-12-10,4.1427,dolar
2019-12-11,4.1153,dolar
2019-12-12,4.1092,dolar
2019-12-13,4.0949,dolar
2019-12-16,4.0801,dolar
2019-12-17,4.0687,dolar
2019-12-18,4.0548,dolar
2019-12-19,4.0633,dolar
2019-12-20,4.0777,dolar
2019-12-23,4.0757,dolar
2019-12-24,4.0813,dolar
2019-12-26,4.0601,dolar
2019-12-27,4.0545,dolar
2019-12-30,4.0307,dolar
2019-12-31,4.0307,dolar
2020-01-02,4.0213,dolar
2020-01-03,4.0522,dolar
2020-01-06,4.0554,dolar
2020-01-07,4.0841,dolar
2020-01-08,4.0672,dolar
2020-01-09,4.0744,dolar
2020-01-10,4.0745,dolar
2020-01-13,4.1309,dolar
2020-01-14,4.1443,dolar
2020-01-15,4.1622,dolar
2020-01-16,4.1726,dolar
2020-01-17,4.1837,dolar
2020-01-20,4.1829,dolar
2020-01-21,4.2014,dolar
2020-01-22,4.1889,dolar
2020-01-23,4.1662,dolar
2020-01-24,4.1769,dolar
2020-01-27,4.2196,dolar
2020-01-28,4.2064,dolar
2020-01-29,4.2013,dolar
2020-01-30,4.2523,dolar
2020-01-31,4.2695,dolar
2020-02-03,4.2475,dolar
2020-02-04,4.2381,dolar
2020-02-05,4.2449,dolar
2020-02-06,4.2477,dolar
2020-02-07,4.3076,dolar
2020-02-10,4.3195,dolar
2020-02-11,4.3148,dolar
2020-02-12,4.3366,dolar
2020-02-13,4.3389,dolar
2020-02-14,4.3163,dolar
2020-02-17,4.3157,dolar
2020-02-18,4.3471,dolar
2020-02-19,4.3728,dolar
2020-02-20,4.3873,dolar
2020-02-21,4.3924,dolar
2020-02-26,4.4359,dolar
2020-02-27,4.4764,dolar
2020-02-28,4.4987,dolar
2020-03-02,4.4946,dolar
2020-03-03,4.4883,dolar
2020-03-04,4.5258,dolar
2020-03-05,4.6207,dolar
2020-03-06,4.6459,dolar
2020-03-09,4.7379,dolar
2020-03-10,4.6693,dolar
2020-03-11,4.6738,dolar
2020-03-12,4.8833,dolar
2020-03-13,4.7362,dolar
2020-03-16,4.9471,dolar
2020-03-17,5.0496,dolar
2020-03-18,5.1107,dolar
2020-03-19,5.1444,dolar
2020-03-20,5.0248,dolar
2020-03-23,5.0805,dolar
2020-03-24,5.0713,dolar
2020-03-25,5.0706,dolar
2020-03-26,5.001,dolar
2020-03-27,5.1109,dolar
2020-03-30,5.1594,dolar
2020-03-31,5.1987,dolar
2020-04-01,5.2404,dolar
2020-04-02,5.2651,dolar
2020-04-03,5.2997,dolar
2020-04-06,5.2471,dolar
2020-04-07,5.2217,dolar
2020-04-08,5.2123,dolar
2020-04-09,5.0779,dolar
2020-04-13,5.1824,dolar
2020-04-14,5.1858,dolar
2020-04-15,5.2579,dolar
2020-04-16,5.2377,dolar
2020-04-17,5.2573,dolar
2020-04-20,5.2837,dolar
2020-04-22,5.3847,dolar
2020-04-23,5.4467,dolar
2020-04-24,5.651,dolar
2020-04-27,5.6358,dolar
2020-04-28,5.5683,dolar
2020-04-29,5.4291,dolar
2020-04-30,5.427,dolar
2020-05-04,5.5816,dolar
2020-05-05,5.5354,dolar
2020-05-06,5.6676,dolar
2020-05-07,5.8365,dolar
2020-05-08,5.7653,dolar
2020-05-11,5.7954,dolar
2020-05-12,5.7723,dolar
2020-05-13,5.9022,dolar
2020-05-14,5.9372,dolar
2020-05-15,5.8229,dolar
2020-05-18,5.7375,dolar
2020-05-19,5.7216,dolar
2020-05-20,5.6968,dolar
2020-05-21,5.6019,dolar
2020-05-22,5.5808,dolar
2020-05-25,5.4772,dolar
2020-05-26,5.3707,dolar
2020-05-27,5.2992,dolar
2020-05-28,5.3405,dolar
2020-05-29,5.4263,dolar
2020-06-01,5.3639,dolar
2020-06-02,5.2601,dolar
2020-06-03,5.0516,dolar
2020-06-04,5.1041,dolar
2020-06-05,4.9775,dolar
2020-06-08,4.9331,dolar
2020-06-09,4.9057,dolar
2020-06-10,4.8894,dolar
2020-06-12,5.0373,dolar
2020-06-15,5.1883,dolar
2020-06-16,5.1285,dolar
2020-06-17,5.2499,dolar
2020-06-18,5.3468,dolar
2020-06-19,5.3466,dolar
2020-06-22,5.2226,dolar
2020-06-23,5.1705,dolar
2020-06-24,5.2435,dolar
2020-06-25,5.3287,dolar
2020-06-26,5.4629,dolar
2020-06-29,5.4416,dolar
2020-06-30,5.476,dolar
2020-07-01,5.3651,dolar
2020-07-02,5.3028,dolar
2020-07-03,5.3374,dolar
2020-07-06,5.3085,dolar
2020-07-07,5.3318,dolar
2020-07-08,5.3482,dolar
2020-07-09,5.2978,dolar
2020-07-10,5.344,dolar
2020-07-13,5.3486,dolar
2020-07-14,5.4288,dolar
2020-07-15,5.3491,dolar
2020-07-16,5.356,dolar
2020-07-17,5.351,dolar
2020-07-20,5.3635,dolar
2020-07-21,5.2283,dolar
2020-07-22,5.1111,dolar
2020-07-23,5.1647,dolar
2020-07-24,5.2146,dolar
2020-07-27,5.1889,dolar
2020-07-28,5.1777,dolar
2020-07-29,5.1395,dolar
2020-07-30,5.1837,dolar
2020-07-31,5.2033,dolar
2020-08-03,5.3075,dolar
2020-08-04,5.3329,dolar
2020-08-05,5.276,dolar
2020-08-06,5.3431,dolar
2020-08-07,5.4227,dolar
2020-08-10,5.3933,dolar
2020-08-11,5.4285,dolar
2020-08-12,5.4551,dolar
2020-08-13,5.3801,dolar
2020-08-14,5.3852,dolar
2020-08-17,5.4497,dolar
2020-08-18,5.4659,dolar
2020-08-19,5.4906,dolar
2020-08-20,5.651,dolar
2020-08-21,5.6064,dolar
2020-08-24,5.5954,dolar
2020-08-25,5.5997,dolar
2020-08-26,5.568,dolar
2020-08-27,5.5956,dolar
2020-08-28,5.4679,dolar
2020-08-31,5.4713,dolar
2020-09-01,5.3732,dolar
2020-09-02,5.3741,dolar
2020-09-03,5.3079,dolar
2020-09-04,5.2848,dolar
2020-09-08,5.3698,dolar
2020-09-09,5.3024,dolar
2020-09-10,5.2936,dolar
2020-09-11,5.2854,dolar
2020-09-14,5.2984,dolar
2020-09-15,5.2728,dolar
2020-09-16,5.2532,dolar
2020-09-17,5.2593,dolar
2020-09-18,5.2889,dolar
2020-09-21,5.444,dolar
2020-09-22,5.4329,dolar
2020-09-23,5.5311,dolar
2020-09-24,5.5714,dolar
2020-09-25,5.5667,dolar
2020-09-28,5.5858,dolar
2020-09-29,5.6528,dolar
2020-09-30,5.6407,dolar
2020-10-01,5.6441,dolar
2020-10-02,5.6464,dolar
2020-10-05,5.6299,dolar
2020-10-06,5.5205,dolar
2020-10-07,5.6018,dolar
2020-10-08,5.62,dolar
2020-10-09,5.5393,dolar
2020-10-13,5.5859,dolar
2020-10-14,5.5675,dolar
2020-10-15,5.6172,dolar
2020-10-16,5.6226,dolar
2020-10-19,5.6023,dolar
2020-10-20,5.583,dolar
2020-10-21,5.6006,dolar
2020-10-22,5.582,dolar
2020-10-23,5.612,dolar
2020-10-26,5.6328,dolar
2020-10-27,5.6491,dolar
2020-10-28,5.7325,dolar
2020-10-29,5.7803,dolar
2020-10-30,5.7718,dolar
2020-11-03,5.6895,dolar
2020-11-04,5.6932,dolar
2020-11-05,5.5624,dolar
2020-11-06,5.5313,dolar
2020-11-09,5.2821,dolar
2020-11-10,5.3696,dolar
2020-11-11,5.402,dolar
2020-11-12,5.4094,dolar
2020-11-13,5.4854,dolar
2020-11-16,5.4198,dolar
2020-11-17,5.3968,dolar
2020-11-18,5.2932,dolar
2020-11-19,5.333,dolar
2020-11-20,5.3505,dolar
2020-11-23,5.3828,dolar
2020-11-24,5.4037,dolar
2020-11-25,5.3508,dolar
2020-11-26,5.3201,dolar
2020-11-27,5.3494,dolar
2020-11-30,5.3317,dolar
2020-12-01,5.2789,dolar
2020-12-02,5.2267,dolar
2020-12-03,5.1625,dolar
2020-12-04,5.1706,dolar
2020-12-07,5.1018,dolar
2020-12-08,5.092,dolar
2020-12-09,5.1109,dolar
2020-12-10,5.0852,dolar
2020-12-11,5.0691,dolar
2020-12-14,5.0578,dolar
2020-12-15,5.0968,dolar
2020-12-16,5.1057,dolar
2020-12-17,5.0612,dolar
2020-12-18,5.0986,dolar
2020-12-21,5.1572,dolar
2020-12-22,5.1473,dolar
2020-12-23,5.174,dolar
2020-12-24,5.18,dolar
2020-12-28,5.239,dolar
2020-12-29,5.1942,dolar
2020-12-30,5.1967,dolar
2020-12-31,5.1967,dolar
2021-01-04,5.1626,dolar
2021-01-05,5.3269,dolar
2021-01-06,5.3182,dolar
2021-01-07,5.3433,dolar
2021-01-08,5.3683,dolar
2021-01-11,5.4966,dolar
2021-01-12,5.4637,dolar
2021-01-13,5.307,dolar
2021-01-14,5.2617,dolar
2021-01-15,5.2714,dolar
2021-01-18,5.2788,dolar
2021-01-19,5.2945,dolar
2021-01-20,5.3033,dolar
2021-01-21,5.3166,dolar
2021-01-22,5.4301,dolar
2021-01-25,5.5089,dolar
2021-01-26,5.3865,dolar
2021-01-27,5.3824,dolar
2021-01-28,5.4282,dolar
2021-01-29,5.4759,dolar
2021-02-01,5.4608,dolar
2021-02-02,5.3875,dolar
2021-02-03,5.3423,dolar
2021-02-04,5.391,dolar
2021-02-05,5.3884,dolar
2021-02-08,5.367,dolar
2021-02-09,5.4216,dolar
2021-02-10,5.4024,dolar
2021-02-11,5.3626,dolar
2021-02-12,5.3815,dolar
2021-02-17,5.4138,dolar
2021-02-18,5.4238,dolar
2021-02-19,5.3924,dolar
2021-02-22,5.5044,dolar
2021-02-23,5.449,dolar
2021-02-24,5.4182,dolar
2021-02-25,5.46,dolar
2021-02-26,5.5302,dolar
2021-03-01,5.5832,dolar
2021-03-02,5.6844,dolar
2021-03-03,5.7342,dolar
2021-03-04,5.6008,dolar
2021-03-05,5.687,dolar
2021-03-08,5.7343,dolar
2021-03-09,5.8397,dolar
2021-03-10,5.7449,dolar
2021-03-11,5.589,dolar
2021-03-12,5.564,dolar
2021-03-15,5.6296,dolar
2021-03-16,5.5851,dolar
2021-03-17,5.6579,dolar
2021-03-18,5.5474,dolar
2021-03-19,5.5082,dolar
2021-03-22,5.5269,dolar
2021-03-23,5.4951,dolar
2021-03-24,5.533,dolar
2021-03-25,5.6585,dolar
2021-03-26,5.7042,dolar
2021-03-29,5.7925,dolar
2021-03-30,5.7642,dolar
2021-03-31,5.6973,dolar
2021-04-01,5.6849,dolar
2021-04-05,5.6579,dolar
2021-04-06,5.6263,dolar
2021-04-07,5.5864,dolar
2021-04-08,5.5817,dolar
2021-04-09,5.6445,dolar
2021-04-12,5.6582,dolar
2021-04-13,5.7064,dolar
2021-04-14,5.6936,dolar
2021-04-15,5.6234,dolar
2021-04-16,5.6328,dolar
2021-04-19,5.575,dolar
2021-04-20,5.5266,dolar
2021-04-22,5.497,dolar
2021-04-23,5.4787,dolar
2021-04-26,5.4566,dolar
2021-04-27,5.4424,dolar
2021-04-28,5.4005,dolar
2021-04-29,5.3662,dolar
2021-04-30,5.4036,dolar
2021-05-03,5.4087,dolar
2021-05-04,5.4505,dolar
2021-05-05,5.3872,dolar
2021-05-06,5.2897,dolar
2021-05-07,5.2217,dolar
2021-05-10,5.2227,dolar
2021-05-11,5.2403,dolar
2021-05-12,5.2353,dolar
2021-05-13,5.2815,dolar
2021-05-14,5.2701,dolar
2021-05-17,5.2755,dolar
2021-05-18,5.2588,dolar
2021-05-19,5.2822,dolar
2021-05-20,5.2905,dolar
2021-05-21,5.3027,dolar
2021-05-24,5.3198,dolar
2021-05-25,5.3143,dolar
2021-05-26,5.3164,dolar
2021-05-27,5.284,dolar
2021-05-28,5.2281,dolar
2021-05-31,5.2322,dolar
2021-06-01,5.1636,dolar
2021-06-02,5.1147,dolar
2021-06-04,5.0666,dolar
2021-06-07,5.0498,dolar
2021-06-08,5.0489,dolar
2021-06-09,5.0533,dolar
2021-06-10,5.0635,dolar
2021-06-11,5.119,dolar
2021-06-14,5.0707,dolar
2021-06-15,5.0874,dolar
2021-06-16,5.0207,dolar
2021-06-17,5.0359,dolar
2021-06-18,5.0314,dolar
2021-06-21,5.0373,dolar
2021-06-22,5.0178,dolar
2021-06-23,4.9519,dolar
2021-06-24,4.9277,dolar
2021-06-25,4.9206,dolar
2021-06-28,4.942,dolar
2021-06-29,4.945,dolar
2021-06-30,5.0022,dolar
2021-07-01,5.0055,dolar
2021-07-02,5.0293,dolar
2021-07-05,5.0749,dolar
2021-07-06,5.1645,dolar
2021-07-07,5.2328,dolar
2021-07-08,5.2587,dolar
2021-07-09,5.2393,dolar
2021-07-12,5.2239,dolar
2021-07-13,5.177,dolar
2021-07-14,5.088,dolar
2021-07-15,5.1,dolar
2021-07-16,5.0941,dolar
2021-07-19,5.1978,dolar
2021-07-20,5.2465,dolar
2021-07-21,5.2516,dolar
2021-07-22,5.1978,dolar
2021-07-23,5.1701,dolar
2021-07-26,5.1863,dolar
2021-07-27,5.1669,dolar
2021-07-28,5.1527,dolar
2021-07-29,5.0682,dolar
2021-07-30,5.1216,dolar
2021-08-02,5.1379,dolar
2021-08-03,5.2464,dolar
2021-08-04,5.2091,dolar
2021-08-05,5.1464,dolar
2021-08-06,5.241,dolar
2021-08-09,5.2774,dolar
2021-08-10,5.2217,dolar
2021-08-11,5.2013,dolar
2021-08-12,5.2351,dolar
2021-08-13,5.2474,dolar
2021-08-16,5.2495,dolar
2021-08-17,5.2585,dolar
2021-08-18,5.3025,dolar
2021-08-19,5.418,dolar
2021-08-20,5.4274,dolar
2021-08-23,5.3686,dolar
2021-08-24,5.3017,dolar
2021-08-25,5.2465,dolar
2021-08-26,5.2429,dolar
2021-08-27,5.22,dolar
2021-08-30,5.1952,dolar
2021-08-31,5.1433,dolar
2021-09-01,5.1576,dolar
2021-09-02,5.1735,dolar
2021-09-03,5.1685,dolar
2021-09-06,5.1773,dolar
2021-09-08,5.2524,dolar
2021-09-09,5.2825,dolar
2021-09-10,5.2158,dolar
2021-09-13,5.219,dolar
2021-09-14,5.226,dolar
2021-09-15,5.2576,dolar
2021-09-16,5.2594,dolar
2021-09-17,5.3103,dolar
2021-09-20,5.3332,dolar
2021-09-21,5.3044,dolar
2021-09-22,5.2783,dolar
2021-09-23,5.2891,dolar
2021-09-24,5.3435,dolar
2021-09-27,5.3478,dolar
2021-09-28,5.4206,dolar
2021-09-29,5.4173,dolar
2021-09-30,5.4394,dolar
2021-10-01,5.3911,dolar
2021-10-04,5.4204,dolar
2021-10-05,5.4611,dolar
2021-10-06,5.5097,dolar
2021-10-07,5.514,dolar
2021-10-08,5.5084,dolar
2021-10-11,5.5161,dolar
2021-10-13,5.5471,dolar
2021-10-14,5.4988,dolar
2021-10-15,5.451,dolar
2021-10-18,5.5193,dolar
2021-10-19,5.5521,dolar
2021-10-20,5.5571,dolar
2021-10-21,5.6423,dolar
2021-10-22,5.7117,dolar
2021-10-25,5.5973,dolar
2021-10-26,5.58,dolar
2021-10-27,5.5667,dolar
2021-10-28,5.6124,dolar
2021-10-29,5.643,dolar
2021-11-01,5.6694,dolar
2021-11-03,5.6672,dolar
2021-11-04,5.5942,dolar
2021-11-05,5.5455,dolar
2021-11-08,5.5627,dolar
2021-11-09,5.4957,dolar
2021-11-10,5.459,dolar
2021-11-11,5.4171,dolar
2021-11-12,5.4199,dolar
2021-11-16,5.4772,dolar
2021-11-17,5.4993,dolar
2021-11-18,5.547,dolar
2021-11-19,5.5584,dolar
2021-11-22,5.5841,dolar
2021-11-23,5.6456,dolar
2021-11-24,5.6027,dolar
2021-11-25,5.574,dolar
2021-11-26,5.5865,dolar
2021-11-29,5.6118,dolar
2021-11-30,5.6199,dolar
2021-12-01,5.6168,dolar
2021-12-02,5.6345,dolar
2021-12-03,5.6432,dolar
2021-12-06,5.6877,dolar
2021-12-07,5.6411,dolar
2021-12-08,5.5779,dolar
2021-12-09,5.5564,dolar
2021-12-10,5.5931,dolar
2021-12-13,5.6357,dolar
2021-12-14,5.6461,dolar
2021-12-15,5.7127,dolar
2021-12-16,5.6963,dolar
2021-12-17,5.6959,dolar
2021-12-20,5.7055,dolar
2021-12-21,5.7372,dolar
2021-12-22,5.7201,dolar
2021-12-23,5.691,dolar
2021-12-24,5.6591,dolar
2021-12-27,5.665,dolar
2021-12-28,5.6438,dolar
2021-12-29,5.6619,dolar
2021-12-30,5.5805,dolar
2021-12-31,5.5805,dolar
2022-01-03,5.6309,dolar
2022-01-04,5.6776,dolar
2022-01-05,5.6628,dolar
2022-01-06,5.7042,dolar
2022-01-07,5.6753,dolar
2022-01-10,5.6736,dolar
2022-01-11,5.6351,dolar
2022-01-12,5.5611,dolar
2022-01-13,5.5246,dolar
2022-01-14,5.5349,dolar
2022-01-17,5.5058,dolar
2022-01-18,5.5213,dolar
2022-01-19,5.4978,dolar
2022-01-20,5.4166,dolar
2022-01-21,5.4401,dolar
2022-01-24,5.491,dolar
2022-01-25,5.4971,dolar
2022-01-26,5.4324,dolar
2022-01-27,5.3812,dolar
2022-01-28,5.3954,dolar
2022-01-31,5.3574,dolar
2022-02-01,5.281,dolar
2022-02-02,5.2956,dolar
2022-02-03,5.3025,dolar
2022-02-04,5.3284,dolar
2022-02-07,5.2913,dolar
2022-02-08,5.2699,dolar
2022-02-09,5.2735,dolar
2022-02-10,5.2101,dolar
2022-02-11,5.1987,dolar
2022-02-14,5.2106,dolar
2022-02-15,5.1881,dolar
2022-02-16,5.163,dolar
2022-02-17,5.1565,dolar
2022-02-18,5.1339,dolar
2022-02-21,5.0997,dolar
2022-02-22,5.0611,dolar
2022-02-23,5.0143,dolar
2022-02-24,5.1174,dolar
2022-02-25,5.1394,dolar
2022-03-02,5.1347,dolar
2022-03-03,5.0479,dolar
2022-03-04,5.0758,dolar
2022-03-07,5.0579,dolar
2022-03-08,5.0903,dolar
2022-03-09,5.0094,dolar
2022-03-10,5.0513,dolar
2022-03-11,5.0255,dolar
2022-03-14,5.0647,dolar
2022-03-15,5.1314,dolar
2022-03-16,5.1287,dolar
2022-03-17,5.0764,dolar
2022-03-18,5.0411,dolar
2022-03-21,4.9666,dolar
2022-03-22,4.9208,dolar
2022-03-23,4.8704,dolar
2022-03-24,4.8067,dolar
2022-03-25,4.7782,dolar
2022-03-28,4.7905,dolar
2022-03-29,4.7486,dolar
2022-03-30,4.7497,dolar
2022-03-31,4.7378,dolar
2022-04-01,4.6984,dolar
2022-04-04,4.6175,dolar
2022-04-05,4.64,dolar
2022-04-06,4.6967,dolar
2022-04-07,4.7422,dolar
2022-04-08,4.7513,dolar
2022-04-11,4.7025,dolar
2022-04-12,4.6483,dolar
2022-04-13,4.6811,dolar
2022-04-14,4.7158,dolar
2022-04-18,4.6746,dolar
2022-04-19,4.6664,dolar
2022-04-20,4.6397,dolar
2022-04-22,4.7326,dolar
2022-04-25,4.8818,dolar
2022-04-26,4.9666,dolar
2022-04-27,5.0167,dolar
2022-04-28,5.011,dolar
2022-04-29,4.9191,dolar
2022-05-02,5.0266,dolar
2022-05-03,5.0167,dolar
2022-05-04,5.0093,dolar
2022-05-05,5.0051,dolar
2022-05-06,5.075,dolar
2022-05-09,5.134,dolar
2022-05-10,5.139,dolar
2022-05-11,5.1244,dolar
2022-05-12,5.1482,dolar
2022-05-13,5.1075,dolar
2022-05-16,5.0666,dolar
2022-05-17,4.9676,dolar
2022-05-18,4.9592,dolar
2022-05-19,4.9198,dolar
2022-05-20,4.8777,dolar
2022-05-23,4.7973,dolar
2022-05-24,4.8106,dolar
2022-05-25,4.8359,dolar
2022-05-26,4.7967,dolar
2022-05-27,4.7434,dolar
2022-05-30,4.7216,dolar
2022-05-31,4.7289,dolar
2022-06-01,4.7765,dolar
2022-06-02,4.7879,dolar
2022-06-03,4.7956,dolar
2022-06-06,4.7839,dolar
2022-06-07,4.8909,dolar
2022-06-08,4.8711,dolar
2022-06-09,4.8951,dolar
2022-06-10,4.9836,dolar
2022-06-13,5.1033,dolar
2022-06-14,5.1203,dolar
2022-06-15,5.1119,dolar
2022-06-17,5.1313,dolar
2022-06-20,5.1641,dolar
2022-06-21,5.1462,dolar
2022-06-22,5.1509,dolar
2022-06-23,5.1833,dolar
2022-06-24,5.2334,dolar
2022-06-27,5.2214,dolar
2022-06-28,5.2179,dolar
2022-06-29,5.2268,dolar
2022-06-30,5.238,dolar
2022-07-01,5.3142,dolar
2022-07-04,5.3038,dolar
2022-07-05,5.3899,dolar
2022-07-06,5.4321,dolar
2022-07-07,5.364,dolar
2022-07-08,5.3086,dolar
2022-07-11,5.3477,dolar
2022-07-12,5.412,dolar
2022-07-13,5.3992,dolar
2022-07-14,5.4568,dolar
2022-07-15,5.4014,dolar
2022-07-18,5.3675,dolar
2022-07-19,5.3904,dolar
2022-07-20,5.4288,dolar
2022-07-21,5.475,dolar
2022-07-22,5.4522,dolar
2022-07-25,5.4144,dolar
2022-07-26,5.3608,dolar
2022-07-27,5.3074,dolar
2022-07-28,5.2149,dolar
2022-07-29,5.1884,dolar
2022-08-01,5.1606,dolar
2022-08-02,5.2329,dolar
2022-08-03,5.2846,dolar
2022-08-04,5.2409,dolar
2022-08-05,5.2165,dolar
2022-08-08,5.1247,dolar
2022-08-09,5.1224,dolar
2022-08-10,5.0497,dolar
2022-08-11,5.1127,dolar
2022-08-12,5.1023,dolar
2022-08-15,5.0925,dolar
2022-08-16,5.134,dolar
2022-08-17,5.1784,dolar
2022-08-18,5.1773,dolar
2022-08-19,5.1961,dolar
2022-08-22,5.1709,dolar
2022-08-23,5.103,dolar
2022-08-24,5.105,dolar
2022-08-25,5.1173,dolar
2022-08-26,5.0903,dolar
2022-08-29,5.0428,dolar
2022-08-30,5.0617,dolar
2022-08-31,5.179,dolar
2022-09-01,5.2007,dolar
2022-09-02,5.1878,dolar
2022-09-05,5.1686,dolar
2022-09-06,5.2228,dolar
2022-09-08,5.2155,dolar
2022-09-09,5.1633,dolar
2022-09-12,5.1183,dolar
2022-09-13,5.1794,dolar
2022-09-14,5.1774,dolar
2022-09-15,5.2211,dolar
2022-09-16,5.2882,dolar
2022-09-19,5.2367,dolar
2022-09-20,5.1705,dolar
2022-09-21,5.1692,dolar
2022-09-22,5.1677,dolar
2022-09-23,5.2257,dolar
2022-09-26,5.3548,dolar
2022-09-27,5.3508,dolar
2022-09-28,5.3594,dolar
2022-09-29,5.3916,dolar
2022-09-30,5.4066,dolar
2022-10-03,5.2002,dolar
2022-10-04,5.1411,dolar
2022-10-05,5.2144,dolar
2022-10-06,5.2009,dolar
2022-10-07,5.2221,dolar
2022-10-10,5.1941,dolar
2022-10-11,5.2068,dolar
2022-10-13,5.3017,dolar
2022-10-14,5.2824,dolar
2022-10-17,5.2713,dolar
2022-10-18,5.2697,dolar
2022-10-19,5.2808,dolar
2022-10-20,5.2176,dolar
2022-10-21,5.1919,dolar
2022-10-24,5.2744,dolar
2022-10-25,5.3091,dolar
2022-10-26,5.3248,dolar
2022-10-27,5.3003,dolar
2022-10-28,5.3454,dolar
2022-10-31,5.257,dolar
2022-11-01,5.15,dolar
2022-11-03,5.1349,dolar
2022-11-04,5.036,dolar
2022-11-07,5.0886,dolar
2022-11-08,5.1744,dolar
2022-11-09,5.1629,dolar
2022-11-10,5.3064,dolar
2022-11-11,5.3051,dolar
2022-11-14,5.3013,dolar
2022-11-16,5.3204,dolar
2022-11-17,5.4655,dolar
2022-11-18,5.3477,dolar
2022-11-21,5.3259,dolar
2022-11-22,5.3339,dolar
2022-11-23,5.393,dolar
2022-11-24,5.3149,dolar
2022-11-25,5.3508,dolar
2022-11-28,5.3796,dolar
2022-11-29,5.3076,dolar
2022-11-30,5.2941,dolar
2022-12-01,5.1948,dolar
2022-12-02,5.1974,dolar
2022-12-05,5.2464,dolar
2022-12-06,5.2396,dolar
2022-12-07,5.2208,dolar
2022-12-08,5.2091,dolar
2022-12-09,5.2396,dolar
2022-12-12,5.3066,dolar
2022-12-13,5.2669,dolar
2022-12-14,5.3406,dolar
2022-12-15,5.3183,dolar
2022-12-16,5.2806,dolar
2022-12-19,5.316,dolar
2022-12-20,5.2427,dolar
2022-12-21,5.2031,dolar
2022-12-22,5.1871,dolar
2022-12-23,5.1445,dolar
2022-12-26,5.1872,dolar
2022-12-27,5.2832,dolar
2022-12-28,5.2736,dolar
2022-12-29,5.2177,dolar
2022-12-30,5.2177,dolar
2023-01-02,5.3436,dolar
2023-01-03,5.3759,dolar
2023-01-04,5.4459,dolar
2023-01-05,5.4026,dolar
2023-01-06,5.2855,dolar
2023-01-09,5.2967,dolar
2023-01-10,5.2395,dolar
2023-01-11,5.202,dolar
2023-01-12,5.14,dolar
2023-01-13,5.1146,dolar
2023-01-16,5.1115,dolar
2023-01-17,5.1203,dolar
2023-01-18,5.0909,dolar
2023-01-19,5.2144,dolar
2023-01-20,5.1986,dolar
2023-01-23,5.1922,dolar
2023-01-24,5.1696,dolar
2023-01-25,5.1042,dolar
2023-01-26,5.0951,dolar
2023-01-27,5.0767,dolar
2023-01-30,5.0959,dolar
2023-01-31,5.0993,dolar
2023-02-01,5.0721,dolar
2023-02-02,4.9901,dolar
2023-02-03,5.103,dolar
2023-02-06,5.1763,dolar
2023-02-07,5.1695,dolar
2023-02-08,5.2036,dolar
2023-02-09,5.2315,dolar
2023-02-10,5.2526,dolar
2023-02-13,5.1834,dolar
2023-02-14,5.1507,dolar
2023-02-15,5.2243,dolar
2023-02-16,5.2432,dolar
2023-02-17,5.2012,dolar
2023-02-22,5.173,dolar
2023-02-23,5.133,dolar
2023-02-24,5.1791,dolar
2023-02-27,5.196,dolar
2023-02-28,5.2078,dolar
2023-03-01,5.207,dolar
2023-03-02,5.208,dolar
2023-03-03,5.2037,dolar
2023-03-06,5.197,dolar
2023-03-07,5.1901,dolar
2023-03-08,5.1387,dolar
2023-03-09,5.1353,dolar
2023-03-10,5.1822,dolar
2023-03-13,5.24,dolar
2023-03-14,5.2362,dolar
2023-03-15,5.2981,dolar
2023-03-16,5.2892,dolar
2023-03-17,5.2679,dolar
2023-03-20,5.2467,dolar
2023-03-21,5.2444,dolar
2023-03-22,5.2648,dolar
2023-03-23,5.2632,dolar
2023-03-24,5.2921,dolar
2023-03-27,5.2306,dolar
2023-03-28,5.1733,dolar
2023-03-29,5.1493,dolar
2023-03-30,5.1254,dolar
2023-03-31,5.0804,dolar
2023-04-03,5.0637,dolar
2023-04-04,5.0762,dolar
2023-04-05,5.0447,dolar
2023-04-06,5.0683,dolar
2023-04-10,5.0834,dolar
2023-04-11,5.0128,dolar
2023-04-12,4.9496,dolar
2023-04-13,4.9097,dolar
2023-04-14,4.9455,dolar
2023-04-17,4.9421,dolar
2023-04-18,4.9678,dolar
2023-04-19,5.0467,dolar
2023-04-20,5.0497,dolar
2023-04-24,5.0595,dolar
2023-04-25,5.0613,dolar
2023-04-26,5.0585,dolar
2023-04-27,5.015,dolar
2023-04-28,5.0007,dolar
2023-05-02,5.0334,dolar
2023-05-03,5.0227,dolar
2023-05-04,5.0106,dolar
2023-05-05,4.9696,dolar
2023-05-08,4.9696,dolar
2023-05-09,5.0007,dolar
2023-05-10,4.9547,dolar
2023-05-11,4.9696,dolar
2023-05-12,4.9234,dolar
2023-05-15,4.9103,dolar
2023-05-16,4.9122,dolar
2023-05-17,4.9513,dolar
2023-05-18,4.9647,dolar
2023-05-19,4.9858,dolar
2023-05-22,4.968,dolar
2023-05-23,4.9674,dolar
2023-05-24,4.9474,dolar
2023-05-25,4.999,dolar
2023-05-26,5.0114,dolar
2023-05-29,4.9954,dolar
2023-05-30,5.0593,dolar
2023-05-31,5.0959,dolar
2023-06-01,5.035,dolar
2023-06-02,4.9558,dolar
2023-06-05,4.9236,dolar
2023-06-06,4.9292,dolar
2023-06-07,4.9119,dolar
2023-06-09,4.8922,dolar
2023-06-12,4.8832,dolar
2023-06-13,4.8533,dolar
2023-06-14,4.8462,dolar
2023-06-15,4.8222,dolar
2023-06-16,4.8286,dolar
2023-06-19,4.7803,dolar
2023-06-20,4.793,dolar
2023-06-21,4.7795,dolar
2023-06-22,4.775,dolar
2023-06-23,4.7799,dolar
2023-06-26,4.7698,dolar
2023-06-27,4.7903,dolar
2023-06-28,4.8563,dolar
2023-06-29,4.8584,dolar
2023-06-30,4.8192,dolar
2023-07-03,4.7876,dolar
2023-07-04,4.8056,dolar
2023-07-05,4.8577,dolar
2023-07-06,4.8977,dolar
2023-07-07,4.8799,dolar
2023-07-10,4.8735,dolar
2023-07-11,4.8949,dolar
2023-07-12,4.8058,dolar
2023-07-13,4.8038,dolar
2023-07-14,4.7957,dolar
2023-07-17,4.8302,dolar
2023-07-18,4.804,dolar
2023-07-19,4.8,dolar
2023-07-20,4.7888,dolar
2023-07-21,4.7732,dolar
2023-07-24,4.7457,dolar
2023-07-25,4.7496,dolar
2023-07-26,4.7368,dolar
2023-07-27,4.7202,dolar
2023-07-28,4.7253,dolar
2023-07-31,4.7415,dolar
2023-08-01,4.7752,dolar
2023-08-02,4.8083,dolar
2023-08-03,4.8797,dolar
2023-08-04,4.8609,dolar
2023-08-07,4.901,dolar
2023-08-08,4.9217,dolar
2023-08-09,4.9015,dolar
2023-08-10,4.8518,dolar
2023-08-11,4.8918,dolar
2023-08-14,4.9481,dolar
2023-08-15,4.9812,dolar
2023-08-16,4.9772,dolar
2023-08-17,4.9816,dolar
2023-08-18,4.9724,dolar
2023-08-21,4.9847,dolar
2023-08-22,4.9431,dolar
2023-08-23,4.8977,dolar
2023-08-24,4.8748,dolar
2023-08-25,4.8772,dolar
2023-08-28,4.8938,dolar
2023-08-29,4.8706,dolar
2023-08-30,4.8653,dolar
2023-08-31,4.9219,dolar
2023-09-01,4.9318,dolar
2023-09-04,4.9176,dolar
2023-09-05,4.9705,dolar
2023-09-06,4.9762,dolar
2023-09-08,4.9835,dolar
2023-09-11,4.9366,dolar
2023-09-12,4.9505,dolar
2023-09-13,4.9171,dolar
2023-09-14,4.8751,dolar
2023-09-15,4.8689,dolar
2023-09-18,4.8535,dolar
2023-09-19,4.8575,dolar
2023-09-20,4.8487,dolar
2023-09-21,4.9229,dolar
2023-09-22,4.9131,dolar
2023-09-25,4.9606,dolar
2023-09-26,4.9717,dolar
2023-09-27,5.0289,dolar
2023-09-28,5.0475,dolar
2023-09-29,5.0076,dolar
2023-10-02,5.0679,dolar
2023-10-03,5.11,dolar
2023-10-04,5.1526,dolar
2023-10-05,5.1713,dolar
2023-10-06,5.1918,dolar
2023-10-09,5.1666,dolar
2023-10-10,5.0862,dolar
2023-10-11,5.0496,dolar
2023-10-13,5.0625,dolar
2023-10-16,5.0618,dolar
2023-10-17,5.0384,dolar
2023-10-18,5.0568,dolar
2023-10-19,5.054,dolar
2023-10-20,5.0528,dolar
2023-10-23,5.0164,dolar
2023-10-24,5.0065,dolar
2023-10-25,4.9981,dolar
2023-10-26,5.0055,dolar
2023-10-27,4.948,dolar
2023-10-30,5.0074,dolar
2023-10-31,5.0575,dolar
2023-11-01,5.0194,dolar
2023-11-03,4.891,dolar
2023-11-06,4.8999,dolar
2023-11-07,4.867,dolar
2023-11-08,4.8855,dolar
2023-11-09,4.9007,dolar
2023-11-10,4.9219,dolar
2023-11-13,4.9247,dolar
2023-11-14,4.8682,dolar
2023-11-16,4.8575,dolar
2023-11-17,4.8849,dolar
2023-11-20,4.8723,dolar
2023-11-21,4.8806,dolar
2023-11-22,4.8968,dolar
2023-11-23,4.8931,dolar
2023-11-24,4.8927,dolar
2023-11-27,4.8951,dolar
2023-11-28,4.8867,dolar
2023-11-29,4.8933,dolar
2023-11-30,4.9355,dolar
2023-12-01,4.9191,dolar
2023-12-04,4.9091,dolar
2023-12-05,4.9522,dolar
2023-12-06,4.9031,dolar
2023-12-07,4.8949,dolar
2023-12-08,4.9158,dolar
2023-12-11,4.944,dolar
2023-12-12,4.9476,dolar
2023-12-13,4.958,dolar
2023-12-14,4.8912,dolar
2023-12-15,4.9397,dolar
2023-12-18,4.9399,dolar
2023-12-19,4.8663,dolar
2023-12-20,4.8766,dolar
2023-12-21,4.8755,dolar
2023-12-22,4.8619,dolar
2023-12-26,4.8368,dolar
2023-12-27,4.8306,dolar
2023-12-28,4.8413,dolar
2023-12-29,4.8413,dolar
2024-01-02,4.8916,dolar
2024-01-03,4.9212,dolar
2024-01-04,4.9188,dolar
2024-01-05,4.8899,dolar
2024-01-08,4.885,dolar
2024-01-09,4.8937,dolar
2024-01-10,4.8901,dolar
2024-01-11,4.8794,dolar
2024-01-12,4.8543,dolar
2024-01-15,4.8765,dolar
2024-01-16,4.9038,dolar
2024-01-17,4.9346,dolar
2024-01-18,4.9403,dolar
2024-01-19,4.9223,dolar
2024-01-22,4.949,dolar
2024-01-23,4.9715,dolar
2024-01-24,4.9192,dolar
2024-01-25,4.9232,dolar
2024-01-26,4.9125,dolar
2024-01-29,4.9225,dolar
2024-01-30,4.9638,dolar
2024-01-31,4.9535,dolar
2024-02-01,4.935,dolar
2024-02-02,4.9471,dolar
2024-02-05,5.0053,dolar
2024-02-06,4.9687,dolar
2024-02-07,4.9608,dolar
2024-02-08,4.9804,dolar
2024-02-09,4.9717,dolar
2024-02-14,4.9723,dolar
2024-02-15,4.971,dolar
2024-02-16,4.9761,dolar
2024-02-19,4.9585,dolar
2024-02-20,4.9408,dolar
2024-02-21,4.9303,dolar
2024-02-22,4.9419,dolar
2024-02-23,4.9851,dolar
2024-02-26,4.9819,dolar
2024-02-27,4.9575,dolar
2024-02-28,4.9557,dolar
2024-02-29,4.9833,dolar
2024-03-01,4.9596,dolar
2024-03-04,4.9475,dolar
2024-03-05,4.9488,dolar
2024-03-06,4.9398,dolar
2024-03-07,4.9364,dolar
2024-03-08,4.9751,dolar
2024-03-11,4.9777,dolar
2024-03-12,4.9813,dolar
2024-03-13,4.9803,dolar
2024-03-14,4.9768,dolar
2024-03-15,4.9937,dolar
2024-03-18,5.0124,dolar
2024-03-19,5.0352,dolar
2024-03-20,5.012,dolar
2024-03-21,4.9807,dolar
2024-03-22,4.9897,dolar
2024-03-25,4.9869,dolar
2024-03-26,4.987,dolar
2024-03-27,4.9856,dolar
2024-03-28,4.9962,dolar
2024-04-01,5.0532,dolar
2024-04-02,5.0476,dolar
2024-04-03,5.0724,dolar
2024-04-04,5.0237,dolar
2024-04-05,5.052,dolar
2024-04-08,5.0421,dolar
2024-04-09,5.008,dolar
2024-04-10,5.0654,dolar
2024-04-11,5.0765,dolar
2024-04-12,5.1364,dolar
2024-04-15,5.1746,dolar
2024-04-16,5.2635,dolar
2024-04-17,5.2469,dolar
2024-04-18,5.2512,dolar
2024-04-19,5.2269,dolar
2024-04-22,5.2043,dolar
2024-04-23,5.1626,dolar
2024-04-24,5.1592,dolar
2024-04-25,5.1679,dolar
2024-04-26,5.1184,dolar
2024-04-29,5.1155,dolar
2024-04-30,5.1718,dolar
2024-05-02,5.1184,dolar
2024-05-03,5.0668,dolar
2024-05-06,5.0727,dolar
2024-05-07,5.061,dolar
2024-05-08,5.0887,dolar
2024-05-09,5.1577,dolar
2024-05-10,5.1464,dolar
2024-05-13,5.1412,dolar
2024-05-14,5.1356,dolar
2024-05-15,5.1423,dolar
2024-05-16,5.127,dolar
2024-05-17,5.1157,dolar
2024-05-20,5.1085,dolar
2024-05-21,5.1037,dolar
2024-05-22,5.1502,dolar
2024-05-23,5.1443,dolar
2024-05-24,5.1508,dolar
2024-05-27,5.1704,dolar
2024-05-28,5.1538,dolar
2024-05-29,5.1972,dolar
2024-05-31,5.2416,dolar
2024-06-03,5.2373,dolar
2024-06-04,5.2687,dolar
2024-06-05,5.2841,dolar
2024-06-06,5.2681,dolar
2024-06-07,5.2802,dolar
2024-06-10,5.3666,dolar
2024-06-11,5.3524,dolar
2024-06-12,5.3891,dolar
2024-06-13,5.3974,dolar
2024-06-14,5.363,dolar
2024-06-17,5.413,dolar
2024-06-18,5.4074,dolar
2024-06-19,5.4647,dolar
2024-06-20,5.4254,dolar
2024-06-21,5.4416,dolar
2024-06-24,5.4,dolar
2024-06-25,5.429,dolar
2024-06-26,5.5097,dolar
2024-06-27,5.5229,dolar
2024-06-28,5.5589,dolar
2024-07-01,5.5893,dolar
2024-07-02,5.6677,dolar
2024-07-03,5.5863,dolar
2024-07-04,5.4839,dolar
2024-07-05,5.497,dolar
2024-07-08,5.472,dolar
2024-07-09,5.4387,dolar
2024-07-10,5.3967,dolar
2024-07-11,5.41,dolar
2024-07-12,5.4529,dolar
2024-07-15,5.4563,dolar
2024-07-16,5.4274,dolar
2024-07-17,5.467,dolar
2024-07-18,5.5426,dolar
2024-07-19,5.5543,dolar
2024-07-22,5.5598,dolar
2024-07-23,5.5807,dolar
2024-07-24,5.6346,dolar
2024-07-25,5.6402,dolar
2024-07-26,5.6465,dolar
2024-07-29,5.6479,dolar
2024-07-30,5.6532,dolar
2024-07-31,5.6621,dolar
2024-08-01,5.6681,dolar
2024-08-02,5.7366,dolar
2024-08-05,5.7646,dolar
2024-08-06,5.6528,dolar
2024-08-07,5.6093,dolar
2024-08-08,5.6172,dolar
2024-08-09,5.5115,dolar
2024-08-12,5.4911,dolar
2024-08-13,5.4875,dolar
2024-08-14,5.4502,dolar
2024-08-15,5.4651,dolar
2024-08-16,5.4632,dolar
2024-08-19,5.4237,dolar
2024-08-20,5.4547,dolar
2024-08-21,5.4707,dolar
2024-08-22,5.5524,dolar
2024-08-23,5.5263,dolar
2024-08-26,5.4921,dolar
2024-08-27,5.4969,dolar
2024-08-28,5.5315,dolar
2024-08-29,5.6358,dolar
2024-08-30,5.6562,dolar
2024-09-02,5.623,dolar
2024-09-03,5.6224,dolar
2024-09-04,5.6359,dolar
2024-09-05,5.6049,dolar
2024-09-06,5.5702,dolar
2024-09-09,5.6097,dolar
2024-09-10,5.6254,dolar
2024-09-11,5.6387,dolar
2024-09-12,5.6554,dolar
2024-09-13,5.5717,dolar
2024-09-16,5.5207,dolar
2024-09-17,5.501,dolar
2024-09-18,5.4767,dolar
2024-09-19,5.4189,dolar
2024-09-20,5.4775,dolar
2024-09-23,5.5446,dolar
2024-09-24,5.4702,dolar
2024-09-25,5.4736,dolar
2024-09-26,5.4412,dolar
2024-09-27,5.4431,dolar
2024-09-30,5.4481,dolar
2024-10-01,5.4521,dolar
2024-10-02,5.4305,dolar
2024-10-03,5.485,dolar
2024-10-04,5.4686,dolar
2024-10-07,5.4626,dolar
2024-10-08,5.5197,dolar
2024-10-09,5.5737,dolar
2024-10-10,5.5819,dolar
2024-10-11,5.6263,dolar
2024-10-14,5.6045,dolar
2024-10-15,5.6378,dolar
2024-10-16,5.6749,dolar
2024-10-17,5.6758,dolar
2024-10-18,5.6672,dolar
2024-10-21,5.7068,dolar
2024-10-22,5.6958,dolar
2024-10-23,5.7149,dolar
2024-10-24,5.7087,dolar
2024-10-25,5.6969,dolar
2024-10-28,5.6988,dolar
2024-10-29,5.714,dolar
2024-10-30,5.7801,dolar
2024-10-31,5.7779,dolar
2024-11-01,5.8073,dolar
2024-11-04,5.7898,dolar
2024-11-05,5.7846,dolar
2024-11-06,5.7648,dolar
2024-11-07,5.6624,dolar
2024-11-08,5.7648,dolar
2024-11-11,5.798,dolar
2024-11-12,5.7694,dolar
2024-11-13,5.7713,dolar
2024-11-14,5.7885,dolar
2024-11-18,5.7603,dolar
2024-11-19,5.7743,dolar
2024-11-21,5.8173,dolar
2024-11-22,5.8124,dolar
2024-11-25,5.8002,dolar
2024-11-26,5.799,dolar
2024-11-27,5.8291,dolar
2024-11-28,5.9871,dolar
2024-11-29,6.0535,dolar
2024-12-02,6.0634,dolar
2024-12-03,6.0707,dolar
2024-12-04,6.0581,dolar
2024-12-05,5.9849,dolar
2024-12-06,6.0293,dolar
2024-12-09,6.057,dolar
2024-12-10,6.0529,dolar
2024-12-11,6.032,dolar
2024-12-12,5.9408,dolar
2024-12-13,6.04,dolar
2024-12-16,6.0509,dolar
2024-12-17,6.1685,dolar
2024-12-18,6.1624,dolar
2024-12-19,6.1841,dolar
2024-12-20,6.078,dolar
2024-12-23,6.1612,dolar
2024-12-24,6.1541,dolar
2024-12-26,6.1656,dolar
2024-12-27,6.1991,dolar
2024-12-30,6.1923,dolar
2024-12-31,6.1923,dolar
2025-01-02,6.2086,dolar
2025-01-03,6.1563,dolar
2025-01-06,6.1119,dolar
2025-01-07,6.0741,dolar
2025-01-08,6.1321,dolar
2025-01-09,6.0896,dolar
2025-01-10,6.0965,dolar
2025-01-13,6.1079,dolar
2025-01-14,6.0671,dolar
2025-01-15,6.0377,dolar
2025-01-16,6.0322,dolar
2025-01-17,6.0609,dolar
2025-01-20,6.0498,dolar
2025-01-21,6.044,dolar
2025-01-22,5.9674,dolar
2025-01-23,5.9399,dolar
2025-01-24,5.8925,dolar
2025-01-27,5.9272,dolar
2025-01-28,5.893,dolar
2025-01-29,5.8596,dolar
2025-01-30,5.9006,dolar
2025-01-31,5.8301,dolar
2025-02-03,5.8687,dolar
2025-02-04,5.7927,dolar
2025-02-05,5.7997,dolar
2025-02-06,5.7856,dolar
2025-02-07,5.7557,dolar
2025-02-10,5.7808,dolar
2025-02-11,5.7788,dolar
2025-02-12,5.7711,dolar
2025-02-13,5.7788,dolar
2025-02-14,5.7283,dolar
2025-02-17,5.7105,dolar
2025-02-18,5.6979,dolar
2025-02-19,5.7087,dolar
2025-02-20,5.7019,dolar
2025-02-21,5.7027,dolar
2025-02-24,5.7258,dolar
2025-02-25,5.7779,dolar
2025-02-26,5.7757,dolar
2025-02-27,5.8228,dolar
2025-02-28,5.8488,dolar
2025-03-05,5.7914,dolar
2025-03-06,5.7489,dolar
2025-03-07,5.7688,dolar
2025-03-10,5.793,dolar
2025-03-11,5.8346,dolar
2025-03-12,5.8268,dolar
2025-03-13,5.8131,dolar
2025-03-14,5.7419,dolar
2025-03-17,5.7082,dolar
2025-03-18,5.6852,dolar
2025-03-19,5.6657,dolar
2025-03-20,5.6628,dolar
2025-03-21,5.7241,dolar
2025-03-24,5.7403,dolar
2025-03-25,5.6992,dolar
2025-03-26,5.7298,dolar
2025-03-27,5.7474,dolar
2025-03-28,5.766,dolar
2025-03-31,5.7422,dolar
2025-04-01,5.7051,dolar
2025-04-02,5.6923,dolar
2025-04-03,5.6067,dolar
2025-04-04,5.7777,dolar
2025-04-07,5.8877,dolar
2025-04-08,5.9368,dolar
2025-04-09,6.0605,dolar
2025-04-10,5.9115,dolar
2025-04-11,5.8737,dolar
2025-04-14,5.8425,dolar
2025-04-15,5.8707,dolar
2025-04-16,5.8808,dolar
2025-04-17,5.8559,dolar
2025-04-22,5.7496,dolar
2025-04-23,5.688,dolar
2025-04-24,5.6738,dolar
2025-04-25,5.6846,dolar
2025-04-28,5.6681,dolar
2025-04-29,5.6467,dolar
2025-04-30,5.6608,dolar
2025-05-02,5.6394,dolar
2025-05-05,5.652,dolar
2025-05-06,5.721,dolar
2025-05-07,5.7375,dolar
2025-05-08,5.686,dolar
2025-05-09,5.6511,dolar
2025-05-12,5.6822,dolar
2025-05-13,5.6262,dolar
2025-05-14,5.61,dolar
2025-05-15,5.6328,dolar
2025-05-16,5.6925,dolar
2025-05-19,5.6591,dolar
2025-05-20,5.662,dolar
2025-05-21,5.6571,dolar
2025-05-22,5.639,dolar
2025-05-23,5.6932,dolar
2025-05-26,5.6619,dolar
2025-05-27,5.6539,dolar
2025-05-28,5.6936,dolar
2025-05-29,5.6559,dolar
2025-05-30,5.7087,dolar
2025-06-02,5.6937,dolar
2025-06-03,5.6694,dolar
2025-06-04,5.6332,dolar
2025-06-05,5.5969,dolar
2025-06-06,5.5947,dolar
2025-06-09,5.576,dolar
2025-06-10,5.5557,dolar
2025-06-11,5.539,dolar
2025-06-12,5.5388,dolar
2025-06-13,5.5652,dolar
2025-06-16,5.5123,dolar
2025-06-17,5.4773,dolar
2025-06-18,5.4879,dolar
2025-06-20,5.4957,dolar
2025-06-23,5.5213,dolar
2025-06-24,5.4938,dolar
2025-06-25,5.5427,dolar
2025-06-26,5.5145,dolar
2025-06-27,5.4759,dolar
2025-06-30,5.4571,dolar
2025-07-01,5.4511,dolar
2025-07-02,5.4512,dolar
2025-07-03,5.4208,dolar
2025-07-04,5.409,dolar
2025-07-07,5.4552,dolar
2025-07-08,5.4571,dolar
2025-07-09,5.4626,dolar
2025-07-10,5.5433,dolar
2025-07-11,5.5722,dolar
2025-07-14,5.5595,dolar
2025-07-15,5.5576,dolar
2025-07-16,5.5722,dolar
2025-07-17,5.5737,dolar
2025-07-18,5.5466,dolar
2025-07-21,5.5625,dolar
2025-07-22,5.5709,dolar
2025-07-23,5.5537,dolar
2025-07-24,5.5239,dolar
2025-07-25,5.5426,dolar
2025-07-28,5.5877,dolar
2025-07-29,5.5764,dolar
2025-07-30,5.6034,dolar
2025-07-31,5.6021,dolar
2025-08-01,5.5436,dolar
2025-08-04,5.5113,dolar
2025-08-05,5.5119,dolar
2025-08-06,5.4802,dolar
2025-08-07,5.4638,dolar
2025-08-08,5.4254,dolar
2025-08-11,5.4473,dolar
2025-08-12,5.4052,dolar
2025-08-13,5.3928,dolar
2025-08-14,5.4095,dolar
2025-08-15,5.3928,dolar
2025-08-18,5.4155,dolar
2025-08-19,5.4716,dolar
2025-08-20,5.4726,dolar
2025-08-21,5.4828,dolar
2025-08-22,5.4392,dolar
2025-08-25,5.4174,dolar
2025-08-26,5.4218,dolar
2025-08-27,5.4428,dolar
2025-08-28,5.4115,dolar
2025-08-29,5.4264,dolar
2025-09-01,5.4378,dolar
2025-09-02,5.468,dolar
2025-09-03,5.4485,dolar
2025-09-04,5.4587,dolar
2025-09-05,5.3968,dolar
2025-09-08,5.4278,dolar
2025-09-09,5.4278,dolar
2025-09-10,5.4123,dolar
2025-09-11,5.3858,dolar
2025-09-12,5.3677,dolar
2025-09-15,5.3208,dolar
2025-09-16,5.3096,dolar
2025-09-17,5.3011,dolar
2025-09-18,5.301,dolar
2025-09-19,5.3276,dolar
2025-09-22,5.3457,dolar
2025-09-23,5.3063,dolar
2025-09-24,5.3112,dolar
2025-09-25,5.3425,dolar
2025-09-26,5.3445,dolar
2025-09-29,5.3229,dolar
2025-09-30,5.3186,dolar
2025-10-01,5.3208,dolar
2025-10-02,5.3449,dolar
2025-10-03,5.3498,dolar
2025-10-06,5.3226,dolar
2025-10-07,5.3363,dolar
2025-10-08,5.3427,dolar
2025-10-09,5.3538,dolar
2025-10-10,5.4446,dolar
2025-10-13,5.4629,dolar
2025-10-14,5.4982,dolar
2025-10-15,5.4464,dolar
2025-10-16,5.4354,dolar
2025-10-17,5.439,dolar
2025-10-20,5.3771,dolar
2025-10-21,5.3848,dolar
2025-10-22,5.3898,dolar
2025-10-23,5.384,dolar
2025-10-24,5.3797,dolar
2025-10-27,5.3744,dolar
2025-10-28,5.369,dolar
2025-10-29,5.3416,dolar
2025-10-30,5.385,dolar
2025-10-31,5.3843,dolar
2025-11-03,5.3505,dolar
2025-11-04,5.3846,dolar
2025-11-05,5.3798,dolar
2025-11-06,5.3451,dolar
2025-11-07,5.3567,dolar
2025-11-10,5.3181,dolar
2025-11-11,5.2729,dolar
2025-11-12,5.2885,dolar
2025-11-13,5.282,dolar
2025-11-14,5.2952,dolar
2025-11-17,5.3108,dolar
2025-11-18,5.3361,dolar
2025-11-19,5.3346,dolar
2025-11-21,5.3902,dolar
2025-11-24,5.3948,dolar
2025-11-25,5.3841,dolar
2025-11-26,5.3694,dolar
2025-11-27,5.349,dolar
2025-11-28,5.3338,dolar
2025-12-01,5.3469,dolar
2025-12-02,5.3465,dolar
2025-12-03,5.3114,dolar
2025-12-04,5.2952,dolar
2025-12-05,5.3405,dolar
2025-12-08,5.4249,dolar
2025-12-09,5.457,dolar
2025-12-10,5.4656,dolar
2025-12-11,5.4237,dolar
2025-12-12,5.4011,dolar
2025-12-15,5.3929,dolar
2025-12-16,5.4505,dolar
2025-12-17,5.5093,dolar
2025-12-18,5.5283,dolar
2025-12-19,5.516,dolar
2025-12-22,5.5389,dolar
2025-12-23,5.5643,dolar
2025-12-24,5.535,dolar
2025-12-26,5.5413,dolar
2025-12-29,5.5739,dolar
2025-12-30,5.5024,dolar
2025-12-31,5.5024,dolar
2026-01-02,5.4372,dolar
2026-01-05,5.4351,dolar
2026-01-06,5.3797,dolar
2026-01-07,5.388,dolar
2026-01-08,5.386,dolar
2026-01-09,5.3707,dolar
2026-01-12,5.376,dolar
2026-01-13,5.3764,dolar
2026-01-14,5.3795,dolar
2026-01-15,5.3846,dolar
2026-01-16,5.3798,dolar
2026-01-19,5.3653,dolar
2026-01-20,5.379,dolar
2026-01-21,5.3368,dolar
2026-01-22,5.3118,dolar
2026-01-23,5.2879,dolar
2026-01-26,5.276,dolar
2026-01-27,5.2392,dolar
2026-01-28,5.1838,dolar
2026-01-29,5.1956,dolar
2026-01-30,5.2301,dolar
2026-02-02,5.2587,dolar
2026-02-03,5.2236,dolar
2026-02-04,5.2359,dolar
2026-02-05,5.258,dolar
2026-02-06,5.2341,dolar
2026-02-09,5.1943,dolar
2026-02-10,5.2021,dolar
2026-02-11,5.1836,dolar
2026-02-12,5.1674,dolar
2026-02-13,5.2288,dolar
2026-02-18,5.2349,dolar
2026-02-19,5.2257,dolar
2026-02-20,5.2006,dolar
2026-02-23,5.1635,dolar
2026-02-24,5.1682,dolar
2026-02-25,5.144,dolar
2026-02-26,5.1382,dolar
2026-02-27,5.1495,dolar
2026-03-02,5.2001,dolar
2026-03-03,5.287,dolar
2026-03-04,5.2091,dolar
2026-03-05,5.2447,dolar
2026-03-06,5.2878,dolar
2026-03-09,5.2139,dolar
2026-03-10,5.1622,dolar
2026-03-11,5.1596,dolar
2026-03-12,5.2051,dolar
2026-03-13,5.2541,dolar
2026-03-16,5.2647,dolar
2026-03-17,5.2022,dolar
2026-03-18,5.2112,dolar
2026-03-19,5.2587,dolar
2026-03-20,5.28,dolar
2026-03-23,5.244,dolar
2026-03-24,5.2599,dolar
2026-03-25,5.2275,dolar
2026-03-26,5.2308,dolar
2026-03-27,5.2376,dolar
2026-03-30,5.2353,dolar
2026-03-31,5.2194,dolar
2026-04-01,5.1606,dolar
2026-04-02,5.1655,dolar
2026-04-06,5.1532,dolar
2026-04-07,5.1625,dolar
2026-04-08,5.0899,dolar
2026-04-09,5.0821,dolar
2026-04-10,5.0229,dolar
2026-04-13,5.0244,dolar
2026-04-14,4.9806,dolar
2026-04-15,4.9928,dolar
2026-04-16,5.0007,dolar
2026-04-17,4.9695,dolar
2026-04-20,4.9844,dolar
2026-04-22,4.9653,dolar
2026-04-23,4.9539,dolar
2026-04-24,5.0083,dolar
2026-04-27,4.97,dolar
2026-04-28,4.9878,dolar
2026-04-29,4.9985,dolar
2026-04-30,4.9886,dolar
2026-05-04,4.9587,dolar
2026-05-05,4.9242,dolar
2026-05-06,4.9274,dolar
2026-05-07,4.917,dolar
2026-05-08,4.8999,dolar
2026-05-11,4.8973,dolar
2026-05-12,4.8977,dolar
2026-05-13,4.9118,dolar
2026-05-14,4.9809,dolar
2026-05-15,5.0654,dolar
2026-05-18,5.0093,dolar
2026-05-19,5.0378,dolar
2026-05-20,5.0301,dolar
2026-05-21,5.0077,dolar
2026-05-22,5.014,dolar
2026-05-25,5.0072,dolar
2026-05-26,5.0211,dolar
2026-05-27,5.0579,dolar
2026-05-28,5.0517,dolar
2026-05-29,5.0569,dolar
2026-06-01,5.0303,dolar
2026-06-02,5.016,dolar
2026-06-03,5.0415,dolar
2026-06-05,5.1244,dolar
2026-06-08,5.1695,dolar
2026-06-09,5.1693,dolar
2026-06-10,5.1763,dolar
2026-06-11,5.1478,dolar
2026-06-12,5.0827,dolar
2026-06-15,5.043,dolar
2026-06-16,5.078,dolar
2026-06-17,5.0641,dolar
2026-06-18,5.1613,dolar
2026-06-19,5.1442,dolar
2026-06-22,5.1395,dolar
2026-06-23,5.1743,dolar
2026-06-24,5.2098,dolar
2026-06-25,5.1892,dolar
2026-06-26,5.1695,dolar
2026-06-29,5.1717,dolar
2026-06-30,5.1766,dolar
2026-07-01,5.195,dolar
2026-07-02,5.1945,dolar
2026-07-03,5.1717,dolar
2026-07-06,5.167,dolar
2026-07-07,5.1458,dolar
2026-07-08,5.1552,dolar
2026-07-09,5.1329,dolar
2026-07-10,5.1088,dolar
2026-07-13,5.1183,dolar
2026-07-14,5.0742,dolar
2026-07-15,5.0727,dolar
2026-07-16,5.0975,dolar
2026-07-17,5.1176,dolar
2026-07-20,5.0894,dolar
2026-07-21,5.078,dolar
2026-07-22,5.0638,dolar
2026-07-23,5.0807,dolar
2026-07-24,5.0666,dolar
2026-07-27,5.1005,dolar
2026-07-28,5.1177,dolar
2026-07-29,5.1217,dolar
2026-07-30,5.0739,dolar
2026-07-31,5.0773,dolar
2026-08-03,5.0723,dolar
2026-08-04,5.1053,dolar
2026-08-05,5.1154,dolar
2026-08-06,5.1017,dolar
2026-08-07,5.0908,dolar
2026-08-10,5.0963,dolar
2026-08-11,5.1285,dolar
